Price,Floor,Bedroom,Area(ft),Age
48356765,3,2,2143,4
31787583,5,3,1011,1
41121501,3,2,1392,2
14647987,5,3,3210,3
26559281,2,2,4495,3
17138393,3,3,2681,2
14041445,2,3,2064,3
18103323,3,4,3083,5
34894155,2,1,2338,2
46235132,4,4,1618,5
35049328,5,1,3292,3
13486824,2,4,4222,4
24072293,4,4,3790,4
40026720,3,3,1516,2
33694789,3,3,1905,5
22007347,3,1,1546,1
29505580,2,2,4094,3
28172500,3,3,4938,4
32450624,5,2,1595,2
47840395,4,3,2865,2
42083271,5,1,2181,5
33570305,5,3,4090,3
38464133,4,3,1479,1
40430626,5,3,3879,2
12183352,2,2,3300,4
17758155,5,3,4007,3
16795796,3,2,1515,3
34998512,4,2,3897,3
30142235,4,3,2238,5
41929536,5,4,3709,1
41150276,4,1,2837,4
28724496,2,1,2707,2
17369708,2,4,2491,5
37994777,2,2,3043,3
19451035,3,2,3019,1
27674578,4,4,3945,1
42803261,4,1,3214,4
27899025,4,1,2107,5
49116100,4,3,2756,2
30292426,5,3,3726,3
15107626,3,1,2666,5
36272867,5,1,1120,4
23784005,5,3,4929,2
42924286,4,1,1554,4
21262717,3,4,2726,3
30756659,5,1,2783,5
13340922,4,1,3814,1
28793349,2,1,1810,2
31004256,2,3,1078,5
25743520,3,1,4045,1
11979935,4,3,4206,4
42354860,5,1,3269,5
12854817,3,4,2194,3
35392615,4,4,2852,1
48289122,4,1,4004,5
43079910,3,2,1357,4
10262462,3,1,2156,1
14818794,2,4,2653,4
19503592,3,2,3228,5
36627680,5,1,1008,4
23654452,2,3,4389,1
48998754,4,3,1859,3
47621443,4,4,3824,4
13058262,3,4,3751,5
12947159,4,3,2067,3
29702402,4,2,3659,3
45386186,2,3,3117,2
46637662,2,1,4069,2
25494284,3,2,2290,4
22905610,5,1,4859,1
10340229,5,3,3912,3
19842813,2,4,2710,4
24740333,3,4,4288,4
38651648,4,3,1071,1
32029145,4,1,3160,4
15967140,4,4,3197,2
36548016,3,1,2615,3
15763056,4,2,1026,1
22917776,5,3,1833,3
45094390,5,3,4598,5
22644958,3,1,4396,5
49917038,2,2,1551,3
33956780,4,3,1099,3
10098624,3,2,3422,1
31137492,5,2,2867,2
26660576,5,1,4314,2
32977011,5,2,2980,3
38538311,3,2,4055,1
30097081,4,3,3518,3
36317265,3,1,3892,1
18308573,3,3,4067,5
44711828,2,2,2985,3
39588835,2,4,1638,4
47458480,4,2,3328,2
36475753,4,4,1747,2
45281989,4,2,4852,5
43197728,3,1,2256,4
18629718,4,3,2067,5
14204867,4,1,1022,3
14042446,4,3,4237,1
18818945,5,3,3588,1
19522106,4,2,2519,3
19611954,3,3,4320,3
39226530,3,4,1473,1
12719969,4,1,2781,5
44619525,5,4,2667,5
39662458,2,3,2737,2
44016883,4,1,1641,4
30673937,2,4,4521,3
29962808,5,4,3642,2
20178606,2,2,2553,5
46130399,4,4,1687,4
40561689,5,1,2608,4
32362186,4,2,2261,2
26242550,5,1,4966,5
31623069,3,1,3745,4
20662566,3,3,3778,1
21255119,2,2,1529,5
38701979,4,1,1001,4
49696048,3,1,2432,4
27153205,3,3,4916,2
29531527,5,1,1450,1
46166297,2,4,1909,4
13488428,2,3,3138,3
33687869,2,3,1665,1
42028472,2,1,1931,4
11282728,2,1,4983,3
41750896,5,2,1447,3
31163378,3,3,4659,2
40755011,4,3,4205,1
32022951,4,3,2009,3
37935356,2,4,1439,2
40198274,4,2,4542,2
38297511,3,4,3951,4
22640463,2,1,4544,1
30281696,3,3,1247,3
32595176,4,3,3083,3
41586044,2,1,4156,3
40650116,3,1,2408,3
42741893,5,2,3494,3
37731020,4,1,2266,1
25740992,5,1,1855,1
10430182,4,4,1957,2
16552686,3,1,3038,1
42834634,4,4,2607,1
13282700,2,1,1691,3
27126276,4,1,4753,2
49971618,3,1,2358,3
15246710,4,1,4651,1
41763914,3,2,1860,4
34988644,3,1,3736,3
34432406,4,3,1510,1
26646134,3,3,1676,2
45582715,2,4,1896,1
12808535,2,3,2573,5
19970710,5,4,4133,1
41691900,2,2,1808,1
33057055,5,4,4810,1
37653077,3,3,1411,1
24708170,2,3,2520,2
43083930,4,3,3868,4
21389323,3,2,2996,4
46417272,4,3,1570,2
13772218,2,1,1106,3
49674496,5,1,1807,5
16580671,2,4,2683,1
29946264,3,3,4099,1
21369723,4,3,4784,5
20283934,5,3,3802,5
26838665,2,2,3705,1
12594169,2,1,1699,4
42905093,2,2,3840,4
44259787,4,3,3638,2
22923118,5,4,3590,5
11240918,3,1,3806,1
25995020,5,3,4033,4
38598432,3,3,2953,2
33784156,5,2,4334,4
26942165,2,2,3103,1
46801144,2,3,1567,4
33246425,2,4,3465,3
13567019,3,1,4089,1
10920539,5,2,3973,5
44942205,5,2,2992,4
25697845,3,2,3712,4
43173571,5,2,1481,3
37699013,3,4,3821,4
12366131,4,2,3139,4
25310508,5,2,2807,5
29739410,5,2,3842,2
29171544,2,2,2361,1
26471178,3,4,2190,1
37318057,4,4,3061,4
10211788,2,2,2520,3
30787446,4,2,3559,1
45688641,5,4,1748,1
35403425,2,1,2127,1
18565842,3,4,3152,1
42152505,2,3,1508,2
22095153,5,2,2487,1
17274030,4,2,2654,2
47577571,2,2,3778,3
24198675,5,4,4989,5
15597113,3,3,4918,4
16736039,3,1,1441,2
11418772,3,2,4998,2
16751345,4,3,2343,1
48490190,3,1,3194,5
44942275,3,3,3810,4
14144010,2,1,1752,2
22299453,2,3,2963,3
31510782,4,2,1759,2
49414128,5,4,3703,5
45368480,5,4,4146,3
39477395,5,3,1682,4
33509156,3,3,4275,1
21594531,2,4,2881,4
23582526,2,2,1294,3
35529189,2,4,2045,4
26816505,2,3,2422,3
48183319,5,2,4563,3
36747024,2,2,2964,4
29779435,3,3,2100,2
44225928,5,1,4922,2
39676873,4,2,2536,3
37017472,2,3,1879,2
47463574,4,2,1544,5
15528810,4,3,3408,3
49761883,3,3,1138,3
10362372,2,1,1136,5
18260222,3,2,4849,5
37989265,2,1,1245,2
31402611,5,3,4863,3
26136978,2,3,2236,3
13071822,2,2,4115,2
19044753,3,1,1749,1
14019067,5,2,4826,4
16673360,3,3,2714,1
20047527,2,3,3353,3
48579772,4,4,2945,3
25619023,3,1,4530,3
32009921,2,2,2452,3
26369674,4,2,4843,3
48944063,2,4,4979,1
47042745,2,2,4939,5
30470404,5,2,3564,1
47672708,2,4,4693,2
14368190,4,4,1414,5
19281528,3,3,2067,4
25173925,4,3,3783,3
29704332,3,3,1741,2
35028913,3,3,1396,1
48904120,4,2,3166,3
36635719,4,1,1916,3
20868342,3,3,2816,5
46194097,2,3,1892,1
21834122,4,4,1344,4
22499330,5,4,1447,1
40721225,4,1,1905,5
23828100,4,4,4257,3
26775774,5,2,2849,4
27368567,4,1,1323,5
38767329,4,1,3798,1
48333753,3,4,3196,1
40112104,5,4,3901,2
35817819,4,4,3728,3
21749264,5,2,1023,4
10397723,3,4,2689,1
13793391,5,2,3642,3
22635509,2,4,2395,3
21015049,4,2,3726,4
48502826,3,1,4804,1
28006796,3,1,1507,3
45436000,5,4,2529,2
21323143,3,2,4122,2
25775216,2,2,4685,5
39006394,4,1,4516,2
41167000,3,1,2178,3
39561600,4,1,1736,3
11158855,3,4,3633,5
40858029,3,3,1576,3
21182394,3,3,1545,3
41506036,5,2,3358,4
37580344,3,3,4783,4
31006478,3,1,2187,1
15596982,3,2,1587,3
39545280,5,2,4093,1
29462813,3,1,2872,2
34953341,4,3,3277,5
23287613,4,2,1471,3
26499612,2,4,3132,5
19841016,4,3,2711,2
18787768,2,4,3447,4
17216009,3,3,4938,1
24908377,4,4,1942,5
21111566,3,1,1308,4
11017130,3,1,2740,3
49257439,2,1,2995,5
32170637,3,2,1697,3
33534264,5,1,1085,3
36904499,3,1,2876,1
44216363,3,1,2858,2
21133560,5,3,2971,1
28752513,3,2,3342,1
43087238,4,2,1196,3
13672331,2,4,4645,4
15912530,4,4,4327,3
42608042,5,4,1534,5
28230932,4,2,4998,1
44975935,2,1,2147,3
10284033,5,4,3745,2
23943220,2,3,3925,4
47589102,3,4,3122,2
23365763,5,1,1089,5
31237945,2,3,3288,2
27995414,2,4,2589,3
14890349,3,4,1781,2
30173199,2,4,4808,1
10125250,4,4,2258,2
21865537,4,1,2252,3
45394391,4,3,4089,4
46508954,4,2,4388,5
39690885,4,4,1671,4
28182557,5,2,4147,1
44692769,3,2,4731,4
42713157,5,4,4143,5
11876649,3,2,2640,5
19758868,2,4,3739,5
25311998,5,4,2206,4
16562665,4,4,1369,3
10253472,4,4,1840,1
38646970,4,3,2151,4
24010546,3,2,2610,1
41169078,5,3,3126,4
40134234,3,1,1082,2
33219635,4,2,4550,5
49337271,5,3,3772,2
39769174,2,4,4874,3
22548945,2,3,3033,1
32583954,4,4,4569,4
18976748,3,2,1478,2
33755838,4,4,2736,1
15729032,2,4,1177,3
38527236,3,2,2897,5
16538600,2,1,4123,3
49161635,5,3,4648,3
21980896,2,3,2879,5
31166175,2,2,2939,2
18055533,4,1,3956,1
13713320,5,1,3587,1
14856898,4,4,4457,5
10537455,5,1,1220,1
38106083,3,4,2706,3
34114242,2,1,1195,3
29461144,2,2,3816,1
42465158,4,3,3813,4
33242255,5,4,1262,5
11123334,5,4,3472,2
49520132,4,3,1699,5
33938329,3,1,3839,2
35969763,5,3,2419,2
33270697,4,2,3788,1
43098176,4,3,3778,5
26420180,2,3,3216,3
28205935,4,4,1489,1
36381953,4,3,4398,2
32245798,3,4,4132,3
30798236,3,1,1332,5
32797326,5,3,4313,1
36780977,4,1,2896,1
24328416,5,4,1307,1
28875580,3,1,3073,2
41011205,5,3,2591,1
35599372,2,2,2533,1
48316826,2,1,2262,2
22967824,2,1,2445,1
27564467,3,4,4904,5
20090859,5,3,4884,1
15052272,2,1,4113,5
30962963,3,4,3498,2
12768367,2,2,3742,1
23678901,3,4,2867,1
23089805,3,3,1933,4
23894752,4,4,4218,1
13417578,3,2,3601,3
47672039,5,3,3700,4
20119677,3,3,4861,4
36716374,4,1,3719,5
46876025,5,4,3612,1
36882451,5,3,2367,2
32570605,2,3,1847,5
26594181,4,2,1778,3
43311694,5,1,4399,2
39745641,3,3,3287,4
27585496,5,2,1510,1
31571049,3,3,4150,5
32801365,2,2,3618,4
46293235,5,2,1191,4
10468484,3,3,1573,5
22786145,4,4,1158,3
14222086,3,2,3845,2
44779552,3,2,3525,2
22486448,3,4,2665,2
41495702,4,3,1398,4
33580234,3,3,4291,2
39243789,5,3,3147,1
47108406,3,3,3449,1
16158505,4,1,3985,2
32281649,2,1,2604,1
40029992,3,2,3422,1
17725982,4,1,2580,4
29643481,5,2,3581,1
30943386,2,3,3515,5
13751271,2,3,4258,4
14571994,4,4,2147,5
43966032,3,3,3051,5
16280091,5,2,2147,4
34939315,4,4,2998,5
45619672,3,4,4310,4
33238966,2,3,3282,4
18371889,2,3,2430,3
22203558,5,1,2398,1
28060519,4,2,4353,1
19619956,3,1,4142,3
11302940,3,3,4340,1
44445360,2,1,1969,5
10965201,2,4,3856,4
13088578,3,2,3135,2
20319176,5,4,1404,2
17871008,5,4,3954,4
28479073,4,1,3213,1
12837289,2,2,1284,1
45731571,2,4,4981,2
28533194,4,2,2950,4
23637912,3,1,4009,4
28459386,5,2,4482,4
47360369,3,3,3351,5
20073077,3,3,2122,4
44419271,5,4,3386,3
16935528,4,4,4561,4
43718568,3,1,1836,3
20902472,5,4,1711,5
13233368,4,4,3288,1
22410004,2,3,3680,1
30257094,4,4,3478,3
33622781,3,3,4008,2
40188772,3,4,1878,2
44726396,5,4,4463,2
20185141,2,4,1037,4
10855749,4,1,4775,5
22225015,2,3,3198,4
37412304,4,1,2335,2
34408428,5,3,2725,3
21582736,3,3,1687,4
48310597,4,3,3305,5
42709657,4,4,2621,5
33077997,3,1,1821,2
18422723,5,3,1353,4
11171727,3,4,3368,1
46020128,5,3,3235,1
48503248,2,1,3358,3
35685035,3,4,5000,5
24533360,4,2,2809,1
11800916,4,1,1168,3
18561712,4,2,2702,5
49189443,3,1,4608,2
10966219,4,3,3139,1
43636204,2,1,3060,4
14560850,3,4,4379,3
47909861,3,1,1565,2
24562355,2,3,3169,5
31363744,5,1,1638,4
28195198,4,1,2119,4
23794311,5,4,2423,1
41838358,2,3,1328,1
46930294,4,1,3215,2
23292206,4,4,1707,5
38354810,3,3,3084,3
42807514,4,3,4002,5
24447880,5,2,3929,1
23546294,4,1,4968,3
29086871,4,3,4468,2
41728578,2,4,3446,5
10352870,3,1,3319,1
36512001,3,2,4314,2
20130186,5,4,3246,2
19153238,3,4,3778,5
47794696,3,4,3318,4
35986862,4,4,1832,1
28679949,3,3,4428,5
25175999,4,4,1579,2
46889241,2,2,1611,5
20881203,5,3,4833,5
16579318,4,3,4650,3
32423055,5,2,4515,2
35567208,3,2,2152,1
46847328,3,4,1530,4
10281446,5,2,1109,5
13864860,2,1,3776,1
