Age,Cholesterol,Blood Pressure,Heart Rate,Chest Pain Type,Exercise-Induced Angina
52,212,125,168,0,0
53,203,140,155,0,1
70,174,145,125,0,1
61,203,148,161,0,0
62,294,138,106,0,0
58,248,100,122,0,0
58,318,114,140,0,0
55,289,160,145,0,1
46,249,120,144,0,0
54,286,122,116,0,1
71,149,112,125,0,0
43,341,132,136,0,1
34,210,118,192,1,0
51,298,140,122,0,1
52,204,128,156,0,1
34,210,118,192,1,0
51,308,140,142,2,0
54,266,124,109,0,1
50,244,120,162,1,0
58,211,140,165,2,0
60,185,140,155,2,0
67,223,106,142,0,0
45,208,104,148,0,1
63,252,135,172,2,0
42,209,120,173,2,0
61,307,145,146,0,1
44,233,130,179,2,1
58,319,136,152,1,0
56,256,130,142,2,1
55,327,180,117,0,1
44,169,120,144,0,1
50,244,120,162,1,0
57,131,130,115,0,1
70,269,160,112,2,1
50,196,129,163,2,0
46,231,150,147,2,0
51,213,125,125,3,1
59,271,138,182,0,0
64,263,128,105,0,1
57,229,128,150,2,0
65,360,160,151,2,0
54,258,120,147,2,0
61,330,130,169,0,0
46,249,120,144,0,0
55,342,132,166,1,0
42,226,140,178,0,0
41,203,135,132,1,0
66,228,178,165,0,1
66,278,146,152,2,0
60,230,117,160,0,1
58,283,150,162,3,0
57,241,140,123,0,1
38,175,138,173,2,0
49,188,120,139,2,0
55,217,140,111,0,1
55,217,140,111,0,1
56,193,120,162,3,0
48,245,130,180,1,0
67,212,152,150,2,0
57,232,154,164,1,0
29,204,130,202,1,0
66,278,146,152,2,0
67,299,100,125,0,1
59,212,150,157,2,0
29,204,130,202,1,0
59,288,170,159,3,0
53,197,130,152,2,0
42,315,136,125,0,1
37,215,120,170,2,0
62,164,160,145,0,0
59,326,170,140,0,1
61,207,140,138,0,1
56,249,125,144,0,1
59,177,140,162,0,1
48,256,130,150,0,1
47,257,138,156,2,0
48,255,124,175,2,0
63,187,140,144,0,1
52,201,134,158,1,0
52,201,134,158,1,0
50,233,140,163,2,0
49,149,118,126,2,0
46,231,150,147,2,0
38,175,138,173,2,0
37,215,120,170,2,0
44,220,120,170,1,0
58,211,140,165,2,0
59,249,174,143,0,1
62,268,140,160,0,0
68,193,144,141,0,0
54,267,108,167,2,0
62,209,124,163,0,0
63,187,140,144,0,1
44,169,120,144,0,1
62,208,128,140,1,0
45,236,138,152,0,1
57,303,128,159,0,0
53,282,123,95,0,1
65,248,110,158,0,0
76,197,140,116,2,0
43,213,122,165,2,0
57,126,150,173,2,0
54,309,108,156,1,0
47,257,138,156,2,0
52,186,118,190,3,0
47,275,110,118,0,1
51,299,140,173,0,1
62,281,120,103,1,0
40,223,152,181,0,0
54,206,110,108,0,1
44,197,110,177,0,0
53,226,142,111,0,1
48,256,130,150,0,1
57,335,110,143,0,1
59,218,126,134,2,0
61,307,145,146,0,1
63,254,130,147,0,0
43,177,120,120,0,1
29,204,130,202,1,0
42,295,120,162,1,0
54,309,108,156,1,0
44,169,120,144,0,1
60,282,145,142,0,1
65,417,140,157,2,0
61,260,120,140,0,1
60,240,150,171,3,0
66,302,120,151,0,0
53,197,130,152,2,0
52,223,138,169,2,0
57,192,140,148,0,0
60,240,150,171,3,0
51,256,130,149,2,0
41,203,135,132,1,0
50,196,129,163,2,0
54,309,108,156,1,0
58,225,170,146,0,1
55,342,132,166,1,0
64,325,180,154,0,1
47,257,138,156,2,0
41,235,110,153,1,0
57,274,152,88,0,1
63,197,124,136,0,1
61,234,134,145,3,0
34,182,118,174,3,0
47,204,112,143,0,0
40,167,110,114,0,1
51,295,120,157,2,0
41,172,110,158,0,0
52,298,152,178,3,0
39,321,140,182,2,0
58,318,114,140,0,0
54,283,192,195,1,0
58,300,125,171,0,0
54,258,120,147,2,0
63,330,130,132,0,1
54,309,108,156,1,0
40,199,140,178,3,1
54,258,120,147,2,0
67,564,115,160,2,0
41,157,120,182,1,0
77,304,125,162,0,1
51,222,100,143,2,1
77,304,125,162,0,1
48,274,124,166,0,0
56,249,125,144,0,1
59,326,170,140,0,1
56,184,132,105,0,1
57,354,120,163,0,1
43,315,130,162,2,0
45,160,112,138,1,0
43,247,150,171,0,0
56,283,130,103,0,1
56,240,120,169,1,0
39,199,94,179,2,0
54,239,110,126,0,1
56,288,200,133,0,1
56,283,130,103,0,1
64,246,120,96,0,1
44,197,110,177,0,0
56,409,134,150,0,1
63,187,140,144,0,1
64,211,110,144,3,1
60,293,140,170,0,0
42,180,130,150,2,0
45,308,128,170,1,0
57,289,165,124,0,0
40,167,110,114,0,1
56,249,125,144,0,1
63,254,130,147,0,0
64,309,125,131,2,1
41,250,112,179,2,0
56,221,130,163,1,0
67,564,115,160,2,0
69,234,160,131,3,0
67,286,160,108,0,1
59,212,150,157,2,0
58,234,100,156,0,0
45,260,115,185,0,0
60,318,102,160,2,0
50,200,144,126,0,1
62,209,124,163,0,0
34,182,118,174,3,0
52,298,152,178,3,0
64,227,170,155,3,0
66,278,146,152,2,0
42,244,148,178,3,0
59,218,126,134,2,0
41,250,112,179,2,0
38,175,138,173,2,0
62,281,120,103,1,0
42,240,120,194,2,0
67,299,100,125,0,1
50,243,150,128,0,0
43,315,130,162,2,0
45,308,128,170,1,0
49,266,130,171,1,0
65,254,135,127,0,0
41,157,120,182,1,0
46,311,140,120,0,1
54,286,122,116,0,1
57,236,130,174,1,0
63,254,130,147,0,0
64,211,110,144,3,1
39,199,94,179,2,0
51,261,140,186,0,1
54,232,150,165,2,0
49,149,118,126,2,0
44,242,118,149,2,0
52,205,128,184,1,0
66,228,178,165,0,1
58,300,125,171,0,0
56,236,120,178,1,0
60,258,125,141,0,1
41,306,126,163,1,0
49,269,130,163,0,0
64,227,170,155,3,0
49,149,118,126,2,0
57,261,124,141,1,0
60,230,117,160,0,1
62,244,150,154,0,1
54,288,132,159,1,1
67,212,152,150,2,0
38,175,138,173,2,0
60,185,140,155,2,0
51,245,125,166,2,0
44,219,130,188,1,0
54,283,192,195,1,0
46,311,140,120,0,1
39,220,138,152,2,0
42,180,130,150,2,0
47,275,110,118,0,1
45,160,112,138,1,0
55,353,132,132,0,1
57,289,165,124,0,0
35,198,120,130,0,1
62,394,140,157,0,0
35,183,138,182,0,0
64,325,180,154,0,1
38,231,120,182,3,1
66,302,120,151,0,0
44,226,120,169,2,0
54,232,150,165,2,0
48,222,122,186,0,0
55,342,132,166,1,0
58,225,170,146,0,1
45,208,104,148,0,1
53,282,123,95,0,1
67,237,120,71,0,0
58,224,132,173,2,0
71,265,110,130,2,0
43,211,110,161,0,0
44,263,120,173,1,0
39,220,138,152,2,0
54,206,110,108,0,1
66,228,160,138,0,0
56,283,130,103,0,1
57,207,132,168,0,1
44,219,130,188,1,0
55,289,160,145,0,1
41,198,105,168,1,0
45,234,130,175,1,0
35,192,122,174,1,0
41,204,130,172,1,0
64,211,110,144,3,1
58,224,132,173,2,0
71,265,110,130,2,0
64,313,140,133,2,0
71,302,160,162,1,0
58,340,120,172,2,0
40,223,152,181,0,0
52,223,138,169,2,0
58,259,128,130,0,1
61,243,150,137,2,1
59,212,150,157,2,0
56,288,200,133,0,1
67,299,100,125,0,1
67,237,120,71,0,0
58,270,150,111,0,1
35,192,122,174,1,0
52,325,120,172,1,0
46,204,105,172,1,0
51,227,94,154,2,1
55,342,132,166,1,0
60,282,145,142,0,1
52,196,136,169,2,0
62,267,120,99,0,1
44,242,118,149,2,0
44,220,120,170,1,0
59,218,126,134,2,0
56,294,140,153,1,0
61,260,120,140,0,1
48,256,130,150,0,1
70,269,160,112,2,1
74,269,120,121,1,1
40,199,140,178,3,1
42,244,148,178,3,0
64,313,140,133,2,0
63,252,135,172,2,0
59,177,140,162,0,1
53,216,128,115,2,0
53,264,130,143,0,0
48,275,130,139,2,0
45,309,142,147,0,1
66,246,160,120,1,1
48,245,130,180,1,0
56,294,140,153,1,0
54,283,192,195,1,0
57,276,150,112,0,1
70,322,130,109,0,0
53,216,128,115,2,0
37,215,120,170,2,0
63,269,108,169,0,1
37,250,130,187,2,0
54,214,110,158,2,0
60,206,130,132,0,1
58,270,150,111,0,1
57,126,150,173,2,0
54,273,125,152,2,0
56,256,130,142,2,1
60,253,130,144,0,1
38,175,138,173,2,0
44,226,120,169,2,0
65,269,155,148,2,0
52,199,172,162,2,0
41,157,120,182,1,0
66,246,160,120,1,1
50,243,150,128,0,0
54,267,108,167,2,0
43,247,132,143,0,1
62,263,130,97,2,0
66,302,120,151,0,0
50,200,144,126,0,1
57,335,110,143,0,1
57,201,110,126,0,1
57,261,124,141,1,0
46,243,138,152,0,1
59,176,164,90,0,0
67,286,160,108,0,1
59,204,134,162,3,0
53,216,128,115,2,0
48,222,122,186,0,0
62,231,130,146,2,0
43,213,122,165,2,0
53,246,130,173,2,0
57,236,130,174,1,0
53,246,130,173,2,0
58,230,112,165,2,0
48,229,110,168,1,0
58,240,105,154,2,1
51,175,110,123,2,0
43,341,132,136,0,1
55,353,132,132,0,1
54,214,110,158,2,0
58,284,120,160,1,0
46,177,142,160,2,1
66,228,160,138,0,0
59,221,140,164,1,1
64,303,130,122,0,0
67,237,120,71,0,0
52,186,118,190,3,0
58,218,146,105,0,0
58,224,132,173,2,0
59,239,110,142,0,1
58,270,150,111,0,1
35,282,126,156,0,1
51,175,110,123,2,0
42,209,120,173,2,0
77,304,125,162,0,1
64,246,120,96,0,1
63,233,145,150,3,0
58,319,136,152,1,0
45,264,110,132,3,0
51,175,110,123,2,0
62,164,160,145,0,0
63,330,130,132,0,1
66,278,146,152,2,0
68,274,180,150,2,1
40,167,110,114,0,1
66,228,160,138,0,0
63,233,145,150,3,0
49,188,120,139,2,0
71,149,112,125,0,0
70,245,156,143,1,0
46,204,105,172,1,0
61,207,140,138,0,1
56,256,130,142,2,1
58,211,140,165,2,0
58,234,100,156,0,0
46,243,138,152,0,1
46,231,150,147,2,0
41,198,105,168,1,0
56,249,125,144,0,1
57,276,150,112,0,1
70,322,130,109,0,0
59,288,170,159,3,0
41,204,130,172,1,0
54,273,125,152,2,0
52,223,138,169,2,0
62,209,124,163,0,0
65,360,160,151,2,0
57,303,128,159,0,0
42,265,102,122,0,0
57,354,120,163,0,1
58,319,136,152,1,0
45,309,142,147,0,1
51,305,130,142,0,1
54,201,160,163,2,0
57,168,150,174,2,0
43,247,132,143,0,1
47,243,108,152,2,0
67,212,152,150,2,0
65,225,150,114,0,0
60,318,102,160,2,0
37,250,130,187,2,0
41,268,112,172,2,1
57,354,120,163,0,1
59,249,174,143,0,1
67,229,120,129,0,1
47,253,130,179,2,0
58,284,120,160,1,0
62,244,150,154,0,1
60,293,140,170,0,0
57,274,152,88,0,1
57,168,150,174,2,0
47,253,130,179,2,0
52,205,128,184,1,0
53,246,130,173,2,0
55,289,160,145,0,1
51,295,120,157,2,0
52,230,112,160,0,0
63,407,150,154,0,0
49,271,134,162,1,0
66,228,178,165,0,1
49,271,134,162,1,0
65,225,150,114,0,0
69,234,160,131,3,0
47,243,108,152,2,0
39,220,138,152,2,0
43,247,150,171,0,0
51,261,140,186,0,1
69,254,140,146,2,0
48,255,124,175,2,0
52,186,118,190,3,0
43,211,110,161,0,0
67,564,115,160,2,0
38,175,138,173,2,0
44,219,130,188,1,0
47,275,110,118,0,1
61,243,150,137,2,1
67,286,160,108,0,1
60,240,150,171,3,0
64,313,140,133,2,0
58,197,130,131,0,0
41,214,130,168,2,0
48,229,110,168,1,0
57,126,150,173,2,0
57,289,165,124,0,0
57,229,128,150,2,0
39,321,140,182,2,0
58,216,128,131,0,1
51,305,130,142,0,1
63,407,150,154,0,0
51,298,140,122,0,1
35,192,122,174,1,0
65,248,110,158,0,0
62,281,120,103,1,0
41,172,110,158,0,0
65,254,135,127,0,0
54,288,132,159,1,1
61,243,150,137,2,1
57,303,128,159,0,0
57,168,150,174,2,0
64,309,125,131,2,1
55,353,132,132,0,1
51,245,125,166,2,0
59,234,135,161,0,0
68,274,180,150,2,1
57,232,154,164,1,0
54,239,140,160,0,0
46,177,142,160,2,1
71,149,112,125,0,0
35,183,138,182,0,0
46,177,142,160,2,1
45,234,130,175,1,0
47,243,108,152,2,0
44,242,118,149,2,0
61,260,120,140,0,1
41,204,130,172,1,0
56,288,200,133,0,1
55,327,180,117,0,1
54,288,132,159,1,1
43,177,120,120,0,1
44,290,112,153,0,0
54,206,110,108,0,1
44,220,120,170,1,0
49,188,120,139,2,0
60,206,130,132,0,1
41,198,105,168,1,0
49,188,120,139,2,0
61,203,148,161,0,0
59,177,140,162,0,1
58,220,125,144,1,0
67,277,152,172,2,0
61,203,148,161,0,0
58,230,112,165,2,0
51,256,130,149,2,0
62,164,160,145,0,0
62,209,124,163,0,0
59,270,178,145,3,0
69,234,160,131,3,0
60,258,150,157,0,0
65,269,155,148,2,0
63,197,124,136,0,1
53,234,138,160,0,0
54,267,108,167,2,0
76,197,140,116,2,0
50,219,120,158,2,0
52,325,120,172,1,0
46,249,120,144,0,0
64,227,170,155,3,0
58,259,128,130,0,1
44,235,140,180,2,0
62,394,140,157,0,0
59,204,134,162,3,0
54,273,125,152,2,0
48,229,110,168,1,0
70,322,130,109,0,0
67,223,106,142,0,0
51,295,120,157,2,0
68,277,118,151,2,0
69,254,140,146,2,0
54,286,122,116,0,1
43,341,132,136,0,1
53,197,130,152,2,0
58,234,100,156,0,0
67,254,125,163,0,0
59,177,140,162,0,1
48,222,122,186,0,0
39,199,94,179,2,0
67,237,120,71,0,0
58,197,130,131,0,0
65,269,155,148,2,0
42,209,120,173,2,0
44,290,112,153,0,0
56,184,132,105,0,1
53,234,138,160,0,0
50,254,110,159,0,0
41,214,130,168,2,0
54,201,160,163,2,0
42,240,120,194,2,0
54,304,135,170,2,0
60,282,145,142,0,1
34,182,118,174,3,0
44,290,112,153,0,0
60,258,125,141,0,1
43,247,150,171,0,0
52,298,152,178,3,0
70,322,130,109,0,0
62,394,140,157,0,0
58,218,146,105,0,0
46,197,101,156,1,0
44,235,140,180,2,0
55,262,130,155,1,0
43,177,120,120,0,1
55,353,132,132,0,1
40,199,140,178,3,1
64,309,125,131,2,1
59,176,164,90,0,0
61,307,145,146,0,1
54,286,122,116,0,1
74,269,120,121,1,1
63,269,108,169,0,1
70,269,160,112,2,1
63,269,108,169,0,1
64,212,145,132,0,0
61,203,148,161,0,0
59,221,140,164,1,1
38,175,138,173,2,0
58,284,120,160,1,0
63,195,140,179,1,0
62,263,130,97,2,0
46,311,140,120,0,1
58,340,120,172,2,0
63,195,140,179,1,0
47,253,130,179,2,0
71,265,110,130,2,0
66,212,112,132,0,1
42,315,136,125,0,1
64,212,145,132,0,0
55,327,180,117,0,1
43,341,132,136,0,1
55,205,128,130,0,1
58,225,170,146,0,1
55,217,140,111,0,1
51,305,130,142,0,1
50,219,120,158,2,0
43,303,115,181,0,0
41,306,126,163,1,0
49,266,130,171,1,0
65,248,110,158,0,0
57,274,152,88,0,1
48,256,130,150,0,1
62,294,138,106,0,0
61,234,134,145,3,0
59,270,178,145,3,0
69,254,140,146,2,0
58,224,132,173,2,0
38,231,120,182,3,1
69,239,140,151,3,0
65,282,138,174,3,0
45,264,110,132,3,0
49,266,130,171,1,0
45,234,130,175,1,0
61,166,138,125,0,1
52,212,125,168,0,0
53,264,130,143,0,0
59,249,174,143,0,1
58,340,120,172,2,0
65,282,138,174,3,0
58,197,130,131,0,0
46,243,138,152,0,1
56,409,134,150,0,1
64,263,128,105,0,1
65,177,120,140,0,0
44,226,120,169,2,0
50,243,150,128,0,0
47,243,108,152,2,0
64,303,130,122,0,0
71,149,112,125,0,0
45,234,130,175,1,0
62,267,120,99,0,1
41,157,120,182,1,0
66,226,150,114,3,0
56,283,130,103,0,1
41,306,126,163,1,0
41,235,110,153,1,0
57,236,130,174,1,0
39,220,138,152,2,0
64,309,125,131,2,1
59,271,138,182,0,0
61,166,138,125,0,1
58,318,114,140,0,0
47,204,112,143,0,0
58,248,100,122,0,0
66,226,150,114,3,0
65,417,140,157,2,0
35,192,122,174,1,0
57,261,124,141,1,0
29,204,130,202,1,0
66,246,160,120,1,1
61,330,130,169,0,0
52,212,125,168,0,0
68,277,118,151,2,0
54,258,120,147,2,0
63,330,130,132,0,1
58,234,100,156,0,0
60,253,130,144,0,1
63,254,130,147,0,0
41,268,112,172,2,1
68,274,180,150,2,1
42,295,120,162,1,0
59,326,170,140,0,1
59,176,164,90,0,0
43,177,120,120,0,1
60,185,140,155,2,0
63,407,150,154,0,0
52,204,128,156,0,1
58,300,125,171,0,0
56,288,200,133,0,1
54,304,135,170,2,0
58,240,105,154,2,1
55,250,135,161,1,0
53,203,140,155,0,1
63,195,140,179,1,0
39,219,118,140,0,0
35,282,126,156,0,1
50,219,120,158,2,0
67,212,152,150,2,0
66,212,112,132,0,1
35,282,126,156,0,1
41,214,130,168,2,0
35,198,120,130,0,1
71,302,160,162,1,0
57,201,110,126,0,1
51,227,94,154,2,1
58,216,128,131,0,1
57,229,128,150,2,0
56,294,140,153,1,0
60,178,120,96,2,0
45,264,110,132,3,0
56,221,130,163,1,0
35,198,120,130,0,1
45,160,112,138,1,0
66,226,150,114,3,0
51,213,125,125,3,1
70,245,156,143,1,0
55,205,128,130,0,1
56,256,130,142,2,1
55,250,135,161,1,0
52,233,108,147,0,0
64,335,140,158,2,0
45,260,115,185,0,0
67,277,152,172,2,0
68,211,120,115,2,0
74,269,120,121,1,1
60,258,150,157,0,0
48,274,124,166,0,0
56,221,130,163,1,0
46,311,140,120,0,1
55,250,135,161,1,0
44,220,120,170,1,0
52,230,112,160,0,0
51,227,94,154,2,1
44,141,108,175,2,0
52,204,128,156,0,1
50,196,129,163,2,0
59,239,110,142,0,1
67,229,120,129,0,1
58,300,125,171,0,0
52,255,128,161,0,1
44,235,140,180,2,0
41,268,112,172,2,1
63,330,130,132,0,1
58,220,125,144,1,0
60,318,102,160,2,0
51,222,100,143,2,1
64,335,140,158,2,0
60,230,117,160,0,1
44,226,120,169,2,0
58,220,125,144,1,0
55,262,130,155,1,0
65,360,160,151,2,0
48,245,130,180,1,0
65,177,120,140,0,0
51,256,130,149,2,0
48,255,124,175,2,0
64,246,120,96,0,1
66,228,160,138,0,0
46,204,105,172,1,0
61,330,130,169,0,0
57,276,150,112,0,1
49,269,130,163,0,0
56,221,130,163,1,0
58,283,150,162,3,0
63,187,140,144,0,1
57,335,110,143,0,1
57,335,110,143,0,1
68,193,144,141,0,0
46,197,101,156,1,0
71,265,110,130,2,0
41,203,135,132,1,0
45,236,138,152,0,1
62,244,150,154,0,1
65,225,150,114,0,0
48,275,130,139,2,0
51,222,100,143,2,1
61,307,145,146,0,1
53,282,123,95,0,1
59,204,134,162,3,0
34,210,118,192,1,0
44,169,120,144,0,1
58,218,146,105,0,0
64,303,130,122,0,0
56,240,120,169,1,0
54,232,150,165,2,0
55,289,160,145,0,1
67,254,125,163,0,0
51,298,140,122,0,1
62,294,138,106,0,0
62,281,120,103,1,0
54,239,110,126,0,1
54,239,110,126,0,1
68,193,144,141,0,0
60,178,120,96,2,0
61,234,134,145,3,0
62,208,128,140,1,0
41,203,135,132,1,0
65,225,150,114,0,0
59,288,170,159,3,0
43,303,115,181,0,0
67,229,120,129,0,1
63,233,145,150,3,0
63,197,124,136,0,1
52,230,112,160,0,0
58,197,130,131,0,0
53,226,142,111,0,1
57,276,150,112,0,1
44,233,130,179,2,1
51,227,94,154,2,1
54,214,110,158,2,0
40,167,110,114,0,1
57,261,124,141,1,0
62,268,140,160,0,0
53,203,140,155,0,1
62,208,128,140,1,0
58,240,105,154,2,1
70,245,156,143,1,0
45,260,115,185,0,0
42,244,148,178,3,0
58,225,170,146,0,1
61,207,140,138,0,1
62,268,140,160,0,0
60,253,130,144,0,1
54,239,140,160,0,0
61,166,138,125,0,1
63,252,135,172,2,0
42,180,130,150,2,0
57,229,128,150,2,0
44,233,130,179,2,1
54,266,124,109,0,1
51,222,100,143,2,1
58,220,125,144,1,0
68,277,118,151,2,0
55,217,140,111,0,1
42,315,136,125,0,1
49,149,118,126,2,0
53,234,138,160,0,0
52,199,172,162,2,0
51,213,125,125,3,1
51,261,140,186,0,1
70,174,145,125,0,1
35,183,138,182,0,0
58,230,112,165,2,0
59,273,160,125,3,0
60,293,140,170,0,0
56,184,132,105,0,1
35,183,138,182,0,0
61,166,138,125,0,1
58,283,150,162,3,0
52,255,128,161,0,1
58,284,120,160,1,0
37,250,130,187,2,0
52,255,128,161,0,1
67,229,120,129,0,1
65,282,138,174,3,0
46,197,101,156,1,0
68,211,120,115,2,0
43,303,115,181,0,0
68,211,120,115,2,0
51,299,140,173,0,1
52,230,112,160,0,0
64,335,140,158,2,0
59,288,170,159,3,0
52,212,125,168,0,0
59,273,160,125,3,0
60,240,150,171,3,0
41,250,112,179,2,0
41,235,110,153,1,0
56,240,120,169,1,0
56,236,120,178,1,0
48,275,130,139,2,0
39,321,140,182,2,0
64,227,170,155,3,0
57,192,140,148,0,0
59,273,160,125,3,0
60,206,130,132,0,1
61,207,140,138,0,1
43,213,122,165,2,0
54,188,120,113,0,0
59,271,138,182,0,0
57,207,132,168,0,1
57,232,154,164,1,0
57,131,130,115,0,1
48,274,124,166,0,0
70,174,145,125,0,1
57,289,165,124,0,0
61,260,120,140,0,1
57,201,110,126,0,1
60,258,150,157,0,0
63,407,150,154,0,0
55,205,128,130,0,1
64,325,180,154,0,1
54,239,110,126,0,1
52,204,128,156,0,1
51,299,140,173,0,1
62,263,130,97,2,0
59,270,178,145,3,0
52,201,134,158,1,0
42,265,102,122,0,0
59,234,135,161,0,0
61,234,134,145,3,0
42,265,102,122,0,0
62,268,140,160,0,0
59,218,126,134,2,0
55,262,130,155,1,0
64,246,120,96,0,1
42,226,140,178,0,0
50,244,120,162,1,0
62,267,120,99,0,1
50,200,144,126,0,1
50,233,140,163,2,0
58,319,136,152,1,0
35,198,120,130,0,1
45,208,104,148,0,1
66,212,112,132,0,1
46,249,120,144,0,0
65,254,135,127,0,0
47,253,130,179,2,0
59,204,134,162,3,0
38,231,120,182,3,1
39,219,118,140,0,0
58,218,146,105,0,0
44,263,120,173,1,0
54,239,140,160,0,0
61,330,130,169,0,0
57,131,130,115,0,1
54,206,110,108,0,1
42,240,120,194,2,0
54,266,124,109,0,1
60,206,130,132,0,1
65,254,135,127,0,0
40,223,152,181,0,0
51,308,140,142,2,0
38,231,120,182,3,1
42,180,130,150,2,0
56,240,120,169,1,0
43,315,130,162,2,0
64,335,140,158,2,0
53,226,142,111,0,1
49,271,134,162,1,0
57,241,140,123,0,1
52,196,136,169,2,0
69,239,140,151,3,0
65,177,120,140,0,0
66,228,178,165,0,1
56,193,120,162,3,0
67,277,152,172,2,0
54,201,160,163,2,0
70,174,145,125,0,1
57,207,132,168,0,1
67,286,160,108,0,1
62,263,130,97,2,0
54,304,135,170,2,0
45,236,138,152,0,1
53,264,130,143,0,0
62,231,130,146,2,0
49,269,130,163,0,0
50,233,140,163,2,0
65,417,140,157,2,0
69,239,140,151,3,0
52,196,136,169,2,0
58,248,100,122,0,0
52,233,108,147,0,0
57,241,140,123,0,1
44,141,108,175,2,0
76,197,140,116,2,0
58,259,128,130,0,1
60,178,120,96,2,0
53,203,140,155,0,1
52,325,120,172,1,0
38,175,138,173,2,0
52,199,172,162,2,0
52,186,118,190,3,0
51,245,125,166,2,0
43,211,110,161,0,0
39,219,118,140,0,0
63,269,108,169,0,1
52,205,128,184,1,0
44,197,110,177,0,0
45,309,142,147,0,1
57,192,140,148,0,0
39,219,118,140,0,0
67,223,106,142,0,0
64,263,128,105,0,1
59,234,135,161,0,0
62,231,130,146,2,0
55,327,180,117,0,1
57,232,154,164,1,0
60,293,140,170,0,0
71,302,160,162,1,0
56,236,120,178,1,0
60,230,117,160,0,1
50,254,110,159,0,0
43,247,132,143,0,1
59,239,110,142,0,1
44,263,120,173,1,0
56,409,134,150,0,1
54,188,120,113,0,0
42,315,136,125,0,1
67,254,125,163,0,0
64,212,145,132,0,0
42,226,140,178,0,0
66,212,112,132,0,1
52,233,108,147,0,0
51,308,140,142,2,0
55,205,128,130,0,1
58,211,140,165,2,0
56,193,120,162,3,0
42,295,120,162,1,0
40,223,152,181,0,0
51,299,140,173,0,1
45,308,128,170,1,0
48,229,110,168,1,0
58,318,114,140,0,0
44,141,108,175,2,0
58,216,128,131,0,1
65,282,138,174,3,0
53,282,123,95,0,1
41,172,110,158,0,0
47,204,112,143,0,0
59,221,140,164,1,1
60,258,125,141,0,1
47,275,110,118,0,1
50,254,110,159,0,0
54,188,120,113,0,0
